Цена со скидкой,Стандартная цена
33990,48990
17990,25990
6990,6990
49990,58990
22990,27290
68990,92990
26990,29990
56990,71990
46990,46990
9990,11990
63990,85990
19990,19990
57990,72990
54990,64990
9990,9990
59990,79990
27990,30990
64990,92990
19990,22990
12990,17990
109990,129990
23990,27990
66990,103990
11990,12990
17990,24990
78980,78980
42990,50990
64990,86990
26990,41990
58990,73990
32990,38990
59990,74990
163970,163970
66990,89990
69990,87990
44990,73990
44990,65990
12990,46990
79990,106990
69990,99990
69990,69990
47990,63990
83990,119990
27990,46990
4590,4990
59990,79990
39990,53990
21990,23990
